CustomerID,Name
1,Vikram Bose
2,Arjun Pillai
3,Rajesh Menon
4,Kavya Mehta
5,Nikhil Kulkarni
6,Sneha Mehta
7,Rahul Bose
8,Pooja Verma
9,Rajesh Patel
10,Sneha Iyer
11,Zoya Sharma
12,Suresh Chopra
13,Sneha Reddy
14,Naina Mehta
15,Anjali Gupta
16,Suresh Pillai
17,Sara Nair
18,Nikhil Das
19,Rajesh Malhotra
20,Farhan Iyer
21,Varun Pillai
22,Priya Joshi
23,Manish Chopra
24,Tanya Reddy
25,Zoya Chopra
26,Manish Rao
27,Vikram Iyer
28,Aman Kapoor
29,Rahul Menon
30,Zoya Reddy
31,Rajesh Menon
32,Rohan Mehta
33,Priya Das
34,Ritu Pillai
35,Arjun Verma
36,Arjun Verma
37,Vikram Malhotra
38,Sara Nair
39,Ritu Pillai
40,Sneha Menon
41,Anjali Kapoor
42,Manish Bose
43,Yash Pillai
44,Suresh Kulkarni
45,Sameer Sharma
46,Sneha Sharma
47,Sara Mehta
48,Tanya Malhotra
49,Sneha Patel
50,Vikram Sharma
51,Sneha Iyer
52,Arjun Nair
53,Sara Malhotra
54,Manish Reddy
55,Naina Malhotra
56,Ritu Joshi
57,Varun Menon
58,Zoya Sharma
59,Naina Iyer
60,Neha Reddy
61,Varun Bansal
62,Rahul Mehta
63,Arjun Rao
64,Karan Joshi
65,Manish Chopra
66,Varun Bansal
67,Manish Chopra
68,Priya Chopra
69,Naina Iyer
70,Farhan Das
71,Ishaan Das
72,Kavya Malhotra
73,Rohan Sharma
74,Aman Verma
75,Varun Kulkarni
76,Aman Das
77,Divya Chopra
78,Ishaan Iyer
79,Vikram Pillai
80,Manish Gupta
81,Ishaan Bansal
82,Rajesh Pillai
83,Manish Malhotra
84,Sara Gupta
85,Divya Nair
86,Vikram Iyer
87,Divya Das
88,Varun Bose
89,Sara Kapoor
90,Priya Sharma
91,Meera Nair
92,Manish Singh
93,Divya Das
94,Pooja Bansal
95,Vikram Malhotra
96,Anjali Gupta
97,Alia Kapoor
98,Kavya Kulkarni
99,Manish Das
100,Aditi Joshi
101,Arjun Gupta
102,Yash Sharma
103,Sneha Kulkarni
104,Farhan Verma
105,Aman Malhotra
106,Neha Kulkarni
107,Aditi Kulkarni
108,Aman Gupta
109,Rajesh Menon
110,Tanya Chopra
111,Sneha Kapoor
112,Ishaan Sharma
113,Priya Reddy
114,Farhan Gupta
115,Nikhil Verma
116,Neha Pillai
117,Alia Malhotra
118,Karan Mehta
119,Meera Bose
120,Anjali Menon
121,Sara Mehta
122,Rahul Kapoor
123,Varun Kapoor
124,Vikram Das
125,Tanya Verma
126,Sameer Bansal
127,Divya Gupta
128,Alia Kapoor
129,Vikram Bansal
130,Aditi Malhotra
131,Zoya Joshi
132,Rohan Menon
133,Pooja Kapoor
134,Divya Bansal
135,Suresh Kapoor
136,Zoya Bose
137,Ritu Gupta
138,Zoya Joshi
139,Arjun Patel
140,Tanya Bose
141,Rajesh Gupta
142,Vikram Bose
143,Rajesh Pillai
144,Suresh Das
145,Alia Chopra
146,Arjun Nair
147,Divya Nair
148,Aditi Kulkarni
149,Farhan Das
150,Rohan Joshi
